mode,phase,n,ok,rss_before_kB,rss_after_kB,drss_kB,cpu_s,wall_s,avg_ms
safe,init: мастер-пароль -> ключ (PBKDF2/AESGCM),1,1,22780,24492,1712,0.109,0.1091,109.065
safe,add secret x400,400,400,24492,24772,280,0.6463,0.6463,1.6159
safe,add public x200,200,200,24776,24856,80,0.3587,0.3588,1.7938
safe,update secret x400,400,400,24856,24856,0,0.7522,0.7527,1.8818
safe,get all x600,600,600,24856,24868,12,0.0024,0.0024,0.004
safe,delete secret x400,400,400,24868,24868,0,0.6528,0.6535,1.6336
safe,delete public x200,200,200,24868,24868,0,0.3433,0.345,1.7249
unsafe,init: мастер-пароль -> ключ (PBKDF2/AESGCM),1,1,24868,24868,0,0.0,0.0,0.0381
unsafe,add secret x400,400,400,24868,24868,0,0.0009,0.0009,0.0023
unsafe,add public x200,200,200,24868,24888,20,0.0004,0.0004,0.0021
unsafe,update secret x400,400,400,24888,25012,124,0.0006,0.0006,0.0015
unsafe,get all x600,600,600,25012,25016,4,0.0003,0.0003,0.0005
unsafe,delete secret x400,400,400,25016,25036,20,0.0002,0.0002,0.0006
unsafe,delete public x200,200,200,25036,25036,0,0.0001,0.0001,0.0007
micro,PBKDF2-HMAC-SHA256 x1 (600000 итераций),1,1,25036,25036,0,0.1013,0.1017,101.6982
micro,AES-256-GCM encrypt(128 Б) x1000,1000,1000,25036,25036,0,0.0008,0.0008,0.0008
micro,scrub_free_memory() x1,1,1,25036,25036,0,0.0025,0.0025,2.5464
